"filename", "language", "YAML", "Markdown", "Python", "HTML", "MS SQL", "Docker", "pip requirements", "Properties", "Ini", "comment", "blank", "total"
"/home/meman-s/Загрузки/rumicon/hards/.flake8", "Ini", 0, 0, 0, 0, 0, 0, 0, 0, 2, 0, 0, 2
"/home/meman-s/Загрузки/rumicon/hards/README.md", "Markdown", 0, 23, 0, 0, 0, 0, 0, 0, 0, 0, 12, 35
"/home/meman-s/Загрузки/rumicon/hards/backend/API_documentation_OpenAPI_Swagger.md", "Markdown", 0, 713, 0, 0, 0, 0, 0, 0, 0, 0, 190, 903
"/home/meman-s/Загрузки/rumicon/hards/backend/API_versioning.md", "Markdown", 0, 507, 0, 0, 0, 0, 0, 0, 0, 0, 148, 655
"/home/meman-s/Загрузки/rumicon/hards/backend/Authentication_authorization_JWT_OAuth2_Session.md", "Markdown", 0, 808, 0, 0, 0, 0, 0, 0, 0, 0, 232, 1040
"/home/meman-s/Загрузки/rumicon/hards/backend/Caching_Redis_inmemory_lru_cache.md", "Markdown", 0, 527, 0, 0, 0, 0, 0, 0, 0, 0, 176, 703
"/home/meman-s/Загрузки/rumicon/hards/backend/FastAPI_dependency_injection_middleware_background_tasks.md", "Markdown", 0, 574, 0, 0, 0, 0, 0, 0, 0, 0, 181, 755
"/home/meman-s/Загрузки/rumicon/hards/backend/File_handling_upload_storage_processing.md", "Markdown", 0, 318, 0, 0, 0, 0, 0, 0, 0, 0, 113, 431
"/home/meman-s/Загрузки/rumicon/hards/backend/Pydantic_validation_serialization.md", "Markdown", 0, 395, 0, 0, 0, 0, 0, 0, 0, 0, 149, 544
"/home/meman-s/Загрузки/rumicon/hards/backend/RPC_vs_REST.md", "Markdown", 0, 179, 0, 0, 0, 0, 0, 0, 0, 0, 63, 242
"/home/meman-s/Загрузки/rumicon/hards/backend/SQLAlchemy_Alembic_ORM_migrations.md", "Markdown", 0, 424, 0, 0, 0, 0, 0, 0, 0, 0, 165, 589
"/home/meman-s/Загрузки/rumicon/hards/backend/Security_CORS_CSRF_XSS_SQL_injection_Rate_limiting.md", "Markdown", 0, 555, 0, 0, 0, 0, 0, 0, 0, 0, 178, 733
"/home/meman-s/Загрузки/rumicon/hards/backend/ShortPolling_LongPolling_WebSocket_SSE.md", "Markdown", 0, 343, 0, 0, 0, 0, 0, 0, 0, 0, 120, 463
"/home/meman-s/Загрузки/rumicon/hards/backend/Безопасность_конспект.md", "Markdown", 0, 94, 0, 0, 0, 0, 0, 0, 0, 0, 63, 157
"/home/meman-s/Загрузки/rumicon/hards/code/algs_train/1.py", "Python", 0, 0, 11, 0, 0, 0, 0, 0, 0, 0, 2, 13
"/home/meman-s/Загрузки/rumicon/hards/code/algs_train/10.py", "Python", 0, 0, 18, 0, 0, 0, 0, 0, 0, 0, 4, 22
"/home/meman-s/Загрузки/rumicon/hards/code/algs_train/13.py", "Python", 0, 0, 7, 0, 0, 0, 0, 0, 0, 0, 2, 9
"/home/meman-s/Загрузки/rumicon/hards/code/algs_train/14.py", "Python", 0, 0, 8, 0, 0, 0, 0, 0, 0, 0, 2, 10
"/home/meman-s/Загрузки/rumicon/hards/code/algs_train/2.py", "Python", 0, 0, 8, 0, 0, 0, 0, 0, 0, 0, 2, 10
"/home/meman-s/Загрузки/rumicon/hards/code/algs_train/3.py", "Python", 0, 0, 18, 0, 0, 0, 0, 0, 0, 0, 3, 21
"/home/meman-s/Загрузки/rumicon/hards/code/algs_train/4.py", "Python", 0, 0, 30, 0, 0, 0, 0, 0, 0, 0, 5, 35
"/home/meman-s/Загрузки/rumicon/hards/code/algs_train/5.py", "Python", 0, 0, 51, 0, 0, 0, 0, 0, 0, 0, 18, 69
"/home/meman-s/Загрузки/rumicon/hards/code/algs_train/6.py", "Python", 0, 0, 47, 0, 0, 0, 0, 0, 0, 0, 14, 61
"/home/meman-s/Загрузки/rumicon/hards/code/algs_train/7.py", "Python", 0, 0, 57, 0, 0, 0, 0, 0, 0, 0, 19, 76
"/home/meman-s/Загрузки/rumicon/hards/code/algs_train/8.py", "Python", 0, 0, 7, 0, 0, 0, 0, 0, 0, 0, 2, 9
"/home/meman-s/Загрузки/rumicon/hards/code/algs_train/9.py", "Python", 0, 0, 15, 0, 0, 0, 0, 0, 0, 0, 7, 22
"/home/meman-s/Загрузки/rumicon/hards/code/graph_algorithms/01_bfs_undirected.py", "Python", 0, 0, 49, 0, 0, 0, 0, 0, 0, 0, 12, 61
"/home/meman-s/Загрузки/rumicon/hards/code/graph_algorithms/02_dfs_undirected.py", "Python", 0, 0, 59, 0, 0, 0, 0, 0, 0, 0, 15, 74
"/home/meman-s/Загрузки/rumicon/hards/code/graph_algorithms/03_bfs_directed.py", "Python", 0, 0, 48, 0, 0, 0, 0, 0, 0, 0, 12, 60
"/home/meman-s/Загрузки/rumicon/hards/code/graph_algorithms/04_dfs_directed.py", "Python", 0, 0, 58, 0, 0, 0, 0, 0, 0, 0, 15, 73
"/home/meman-s/Загрузки/rumicon/hards/code/graph_algorithms/05_topological_sort.py", "Python", 0, 0, 50, 0, 0, 0, 0, 0, 0, 0, 14, 64
"/home/meman-s/Загрузки/rumicon/hards/code/graph_algorithms/README.md", "Markdown", 0, 10, 0, 0, 0, 0, 0, 0, 0, 0, 4, 14
"/home/meman-s/Загрузки/rumicon/hards/code/graph_algorithms/algos.py", "Python", 0, 0, 85, 0, 0, 0, 0, 0, 0, 0, 20, 105
"/home/meman-s/Загрузки/rumicon/hards/docker/docker-compose.1.yml", "YAML", 21, 0, 0, 0, 0, 0, 0, 0, 0, 0, 2, 23
"/home/meman-s/Загрузки/rumicon/hards/docker/docker-compose.2.yml", "YAML", 34, 0, 0, 0, 0, 0, 0, 0, 0, 0, 5, 39
"/home/meman-s/Загрузки/rumicon/hards/docker/docker-compose.3.yml", "YAML", 21, 0, 0, 0, 0, 0, 0, 0, 0, 0, 4, 25
"/home/meman-s/Загрузки/rumicon/hards/docker/docker-compose.4 copy.yml", "YAML", 51, 0, 0, 0, 0, 0, 0, 0, 0, 0, 5, 56
"/home/meman-s/Загрузки/rumicon/hards/docker/docker-compose.4.yml", "YAML", 47, 0, 0, 0, 0, 0, 0, 0, 0, 0, 7, 54
"/home/meman-s/Загрузки/rumicon/hards/docker/docker_compose_practice.md", "Markdown", 0, 336, 0, 0, 0, 0, 0, 0, 0, 0, 77, 413
"/home/meman-s/Загрузки/rumicon/hards/docker/docker_practice.md", "Markdown", 0, 232, 0, 0, 0, 0, 0, 0, 0, 0, 133, 365
"/home/meman-s/Загрузки/rumicon/hards/docker/docker_tasks_compose.md", "Markdown", 0, 149, 0, 0, 0, 0, 0, 0, 0, 0, 49, 198
"/home/meman-s/Загрузки/rumicon/hards/docker/docker_tasks_dockerfile.md", "Markdown", 0, 106, 0, 0, 0, 0, 0, 0, 0, 0, 61, 167
"/home/meman-s/Загрузки/rumicon/hards/docker/docker_training.md", "Markdown", 0, 218, 0, 0, 0, 0, 0, 0, 0, 0, 91, 309
"/home/meman-s/Загрузки/rumicon/hards/docs/backend/API_documentation_OpenAPI_Swagger.md", "Markdown", 0, 713, 0, 0, 0, 0, 0, 0, 0, 0, 190, 903
"/home/meman-s/Загрузки/rumicon/hards/docs/backend/API_versioning.md", "Markdown", 0, 507, 0, 0, 0, 0, 0, 0, 0, 0, 148, 655
"/home/meman-s/Загрузки/rumicon/hards/docs/backend/Authentication_authorization_JWT_OAuth2_Session.md", "Markdown", 0, 808, 0, 0, 0, 0, 0, 0, 0, 0, 232, 1040
"/home/meman-s/Загрузки/rumicon/hards/docs/backend/Caching_Redis_inmemory_lru_cache.md", "Markdown", 0, 527, 0, 0, 0, 0, 0, 0, 0, 0, 176, 703
"/home/meman-s/Загрузки/rumicon/hards/docs/backend/FastAPI_dependency_injection_middleware_background_tasks.md", "Markdown", 0, 574, 0, 0, 0, 0, 0, 0, 0, 0, 181, 755
"/home/meman-s/Загрузки/rumicon/hards/docs/backend/File_handling_upload_storage_processing.md", "Markdown", 0, 318, 0, 0, 0, 0, 0, 0, 0, 0, 113, 431
"/home/meman-s/Загрузки/rumicon/hards/docs/backend/Pydantic_validation_serialization.md", "Markdown", 0, 395, 0, 0, 0, 0, 0, 0, 0, 0, 149, 544
"/home/meman-s/Загрузки/rumicon/hards/docs/backend/RPC_vs_REST.md", "Markdown", 0, 179, 0, 0, 0, 0, 0, 0, 0, 0, 63, 242
"/home/meman-s/Загрузки/rumicon/hards/docs/backend/SQLAlchemy_Alembic_ORM_migrations.md", "Markdown", 0, 424, 0, 0, 0, 0, 0, 0, 0, 0, 165, 589
"/home/meman-s/Загрузки/rumicon/hards/docs/backend/Security_CORS_CSRF_XSS_SQL_injection_Rate_limiting.md", "Markdown", 0, 555, 0, 0, 0, 0, 0, 0, 0, 0, 178, 733
"/home/meman-s/Загрузки/rumicon/hards/docs/backend/ShortPolling_LongPolling_WebSocket_SSE.md", "Markdown", 0, 343, 0, 0, 0, 0, 0, 0, 0, 0, 120, 463
"/home/meman-s/Загрузки/rumicon/hards/docs/backend/Безопасность_конспект.md", "Markdown", 0, 94, 0, 0, 0, 0, 0, 0, 0, 0, 63, 157
"/home/meman-s/Загрузки/rumicon/hards/docs/code/algs_train/1.py", "Python", 0, 0, 11, 0, 0, 0, 0, 0, 0, 0, 2, 13
"/home/meman-s/Загрузки/rumicon/hards/docs/code/algs_train/10.py", "Python", 0, 0, 18, 0, 0, 0, 0, 0, 0, 0, 4, 22
"/home/meman-s/Загрузки/rumicon/hards/docs/code/algs_train/13.py", "Python", 0, 0, 7, 0, 0, 0, 0, 0, 0, 0, 2, 9
"/home/meman-s/Загрузки/rumicon/hards/docs/code/algs_train/14.py", "Python", 0, 0, 8, 0, 0, 0, 0, 0, 0, 0, 2, 10
"/home/meman-s/Загрузки/rumicon/hards/docs/code/algs_train/2.py", "Python", 0, 0, 8, 0, 0, 0, 0, 0, 0, 0, 2, 10
"/home/meman-s/Загрузки/rumicon/hards/docs/code/algs_train/3.py", "Python", 0, 0, 18, 0, 0, 0, 0, 0, 0, 0, 3, 21
"/home/meman-s/Загрузки/rumicon/hards/docs/code/algs_train/4.py", "Python", 0, 0, 30, 0, 0, 0, 0, 0, 0, 0, 5, 35
"/home/meman-s/Загрузки/rumicon/hards/docs/code/algs_train/5.py", "Python", 0, 0, 51, 0, 0, 0, 0, 0, 0, 0, 18, 69
"/home/meman-s/Загрузки/rumicon/hards/docs/code/algs_train/6.py", "Python", 0, 0, 47, 0, 0, 0, 0, 0, 0, 0, 14, 61
"/home/meman-s/Загрузки/rumicon/hards/docs/code/algs_train/7.py", "Python", 0, 0, 57, 0, 0, 0, 0, 0, 0, 0, 19, 76
"/home/meman-s/Загрузки/rumicon/hards/docs/code/algs_train/8.py", "Python", 0, 0, 7, 0, 0, 0, 0, 0, 0, 0, 2, 9
"/home/meman-s/Загрузки/rumicon/hards/docs/code/algs_train/9.py", "Python", 0, 0, 15, 0, 0, 0, 0, 0, 0, 0, 7, 22
"/home/meman-s/Загрузки/rumicon/hards/docs/code/graph_algorithms/01_bfs_undirected.py", "Python", 0, 0, 49, 0, 0, 0, 0, 0, 0, 0, 12, 61
"/home/meman-s/Загрузки/rumicon/hards/docs/code/graph_algorithms/02_dfs_undirected.py", "Python", 0, 0, 59, 0, 0, 0, 0, 0, 0, 0, 15, 74
"/home/meman-s/Загрузки/rumicon/hards/docs/code/graph_algorithms/03_bfs_directed.py", "Python", 0, 0, 48, 0, 0, 0, 0, 0, 0, 0, 12, 60
"/home/meman-s/Загрузки/rumicon/hards/docs/code/graph_algorithms/04_dfs_directed.py", "Python", 0, 0, 58, 0, 0, 0, 0, 0, 0, 0, 15, 73
"/home/meman-s/Загрузки/rumicon/hards/docs/code/graph_algorithms/05_topological_sort.py", "Python", 0, 0, 50, 0, 0, 0, 0, 0, 0, 0, 14, 64
"/home/meman-s/Загрузки/rumicon/hards/docs/code/graph_algorithms/README.md", "Markdown", 0, 10, 0, 0, 0, 0, 0, 0, 0, 0, 4, 14
"/home/meman-s/Загрузки/rumicon/hards/docs/code/graph_algorithms/algos.py", "Python", 0, 0, 85, 0, 0, 0, 0, 0, 0, 0, 20, 105
"/home/meman-s/Загрузки/rumicon/hards/docs/index.md", "Markdown", 0, 23, 0, 0, 0, 0, 0, 0, 0, 0, 10, 33
"/home/meman-s/Загрузки/rumicon/hards/docs/python/Collections.md", "Markdown", 0, 329, 0, 0, 0, 0, 0, 0, 0, 0, 145, 474
"/home/meman-s/Загрузки/rumicon/hards/docs/python/Context_managers.md", "Markdown", 0, 141, 0, 0, 0, 0, 0, 0, 0, 0, 62, 203
"/home/meman-s/Загрузки/rumicon/hards/docs/python/Dataclasses_attrs_Pydantic.md", "Markdown", 0, 207, 0, 0, 0, 0, 0, 0, 0, 0, 88, 295
"/home/meman-s/Загрузки/rumicon/hards/docs/python/Decorators.md", "Markdown", 0, 307, 0, 0, 0, 0, 0, 0, 0, 0, 106, 413
"/home/meman-s/Загрузки/rumicon/hards/docs/python/Functools_itertools.md", "Markdown", 0, 499, 0, 0, 0, 0, 0, 0, 0, 0, 224, 723
"/home/meman-s/Загрузки/rumicon/hards/docs/python/Generators_iterators_async.md", "Markdown", 0, 395, 0, 0, 0, 0, 0, 0, 0, 0, 142, 537
"/home/meman-s/Загрузки/rumicon/hards/docs/python/Threading_multiprocessing_async.md", "Markdown", 0, 1053, 0, 0, 0, 0, 0, 0, 0, 0, 371, 1424
"/home/meman-s/Загрузки/rumicon/hards/docs/python/Type_hints_mypy_static_checking.md", "Markdown", 0, 189, 0, 0, 0, 0, 0, 0, 0, 0, 90, 279
"/home/meman-s/Загрузки/rumicon/hards/docs/архитектура/Архитектурные_стили_и_подходы.md", "Markdown", 0, 470, 0, 0, 0, 0, 0, 0, 0, 0, 188, 658
"/home/meman-s/Загрузки/rumicon/hards/docs/архитектура/Документирование_и_валидация_архитектуры.md", "Markdown", 0, 370, 0, 0, 0, 0, 0, 0, 0, 0, 128, 498
"/home/meman-s/Загрузки/rumicon/hards/docs/архитектура/Принципы_и_паттерны_проектирования.md", "Markdown", 0, 790, 0, 0, 0, 0, 0, 0, 0, 0, 339, 1129
"/home/meman-s/Загрузки/rumicon/hards/docs/методологии/Методологии_разработки.md", "Markdown", 0, 159, 0, 0, 0, 0, 0, 0, 0, 0, 51, 210
"/home/meman-s/Загрузки/rumicon/hards/docs/методологии/Требования_к_проекту_конспект.md", "Markdown", 0, 176, 0, 0, 0, 0, 0, 0, 0, 0, 100, 276
"/home/meman-s/Загрузки/rumicon/hards/exam/профилирование-и-оптимизация-кода/задания.md", "Markdown", 0, 179, 0, 0, 0, 0, 0, 0, 0, 0, 56, 235
"/home/meman-s/Загрузки/rumicon/hards/exam/профилирование-и-оптимизация-кода/ответы.md", "Markdown", 0, 223, 0, 0, 0, 0, 0, 0, 0, 0, 60, 283
"/home/meman-s/Загрузки/rumicon/hards/fullstack-exercise/.env", "Properties", 0, 0, 0, 0, 0, 0, 0, 2, 0, 0, 0, 2
"/home/meman-s/Загрузки/rumicon/hards/fullstack-exercise/DB_SPEC.md", "Markdown", 0, 84, 0, 0, 0, 0, 0, 0, 0, 0, 43, 127
"/home/meman-s/Загрузки/rumicon/hards/fullstack-exercise/DB_TASK.md", "Markdown", 0, 135, 0, 0, 0, 0, 0, 0, 0, 0, 61, 196
"/home/meman-s/Загрузки/rumicon/hards/fullstack-exercise/INSTRUCTION.md", "Markdown", 0, 74, 0, 0, 0, 0, 0, 0, 0, 0, 33, 107
"/home/meman-s/Загрузки/rumicon/hards/fullstack-exercise/NEXT_STEPS.md", "Markdown", 0, 82, 0, 0, 0, 0, 0, 0, 0, 0, 40, 122
"/home/meman-s/Загрузки/rumicon/hards/fullstack-exercise/backend/DB_HINTS.md", "Markdown", 0, 59, 0, 0, 0, 0, 0, 0, 0, 0, 35, 94
"/home/meman-s/Загрузки/rumicon/hards/fullstack-exercise/backend/Dockerfile", "Docker", 0, 0, 0, 0, 0, 14, 0, 0, 0, 1, 13, 28
"/home/meman-s/Загрузки/rumicon/hards/fullstack-exercise/backend/README.md", "Markdown", 0, 9, 0, 0, 0, 0, 0, 0, 0, 0, 6, 15
"/home/meman-s/Загрузки/rumicon/hards/fullstack-exercise/backend/db/EXAMPLE_IMPLEMENTATION.py", "Python", 0, 0, 336, 0, 0, 0, 0, 0, 0, 23, 106, 465
"/home/meman-s/Загрузки/rumicon/hards/fullstack-exercise/backend/db/mongo_client.py", "Python", 0, 0, 34, 0, 0, 0, 0, 0, 0, 0, 11, 45
"/home/meman-s/Загрузки/rumicon/hards/fullstack-exercise/backend/db/postgres_client.py", "Python", 0, 0, 42, 0, 0, 0, 0, 0, 0, 0, 13, 55
"/home/meman-s/Загрузки/rumicon/hards/fullstack-exercise/backend/db/redis_client.py", "Python", 0, 0, 30, 0, 0, 0, 0, 0, 0, 0, 15, 45
"/home/meman-s/Загрузки/rumicon/hards/fullstack-exercise/backend/init_db.sql", "MS SQL", 0, 0, 0, 0, 25, 0, 0, 0, 0, 0, 0, 25
"/home/meman-s/Загрузки/rumicon/hards/fullstack-exercise/backend/main.py", "Python", 0, 0, 61, 0, 0, 0, 0, 0, 0, 0, 20, 81
"/home/meman-s/Загрузки/rumicon/hards/fullstack-exercise/backend/requirements.txt", "pip requirements", 0, 0, 0, 0, 0, 0, 5, 0, 0, 0, 0, 5
"/home/meman-s/Загрузки/rumicon/hards/fullstack-exercise/docker-compose.yml", "YAML", 81, 0, 0, 0, 0, 0, 0, 0, 0, 0, 6, 87
"/home/meman-s/Загрузки/rumicon/hards/fullstack-exercise/frontend/README.md", "Markdown", 0, 4, 0, 0, 0, 0, 0, 0, 0, 0, 3, 7
"/home/meman-s/Загрузки/rumicon/hards/fullstack-exercise/frontend/index.html", "HTML", 0, 0, 0, 75, 0, 0, 0, 0, 0, 0, 6, 81
"/home/meman-s/Загрузки/rumicon/hards/fullstack-exercise/nginx/README.md", "Markdown", 0, 2, 0, 0, 0, 0, 0, 0, 0, 0, 2, 4
"/home/meman-s/Загрузки/rumicon/hards/fullstack-exercise/nginx/nginx.conf", "Properties", 0, 0, 0, 0, 0, 0, 0, 18, 0, 0, 4, 22
"/home/meman-s/Загрузки/rumicon/hards/mkdocs.yml", "YAML", 75, 0, 0, 0, 0, 0, 0, 0, 0, 0, 12, 87
"/home/meman-s/Загрузки/rumicon/hards/mongodb/MongoDB_теория.md", "Markdown", 0, 499, 0, 0, 0, 0, 0, 0, 0, 0, 91, 590
"/home/meman-s/Загрузки/rumicon/hards/mongodb/MongoDB_тестовое_задание_запрос_с_разбором.md", "Markdown", 0, 186, 0, 0, 0, 0, 0, 0, 0, 0, 53, 239
"/home/meman-s/Загрузки/rumicon/hards/mongodb/README.md", "Markdown", 0, 94, 0, 0, 0, 0, 0, 0, 0, 0, 24, 118
"/home/meman-s/Загрузки/rumicon/hards/mongodb/mongodb_example.py", "Python", 0, 0, 858, 0, 0, 0, 0, 0, 0, 10, 88, 956
"/home/meman-s/Загрузки/rumicon/hards/nginx/Nginx_reverse_proxy_load_balancing.md", "Markdown", 0, 384, 0, 0, 0, 0, 0, 0, 0, 0, 128, 512
"/home/meman-s/Загрузки/rumicon/hards/nginx/Nginx_обучение_с_примерами.md", "Markdown", 0, 430, 0, 0, 0, 0, 0, 0, 0, 0, 150, 580
"/home/meman-s/Загрузки/rumicon/hards/nginx/Nginx_практические_упражнения.md", "Markdown", 0, 456, 0, 0, 0, 0, 0, 0, 0, 0, 151, 607
"/home/meman-s/Загрузки/rumicon/hards/nginx/Nginx_схемы_и_концепции.md", "Markdown", 0, 468, 0, 0, 0, 0, 0, 0, 0, 0, 101, 569
"/home/meman-s/Загрузки/rumicon/hards/nginx/README.md", "Markdown", 0, 106, 0, 0, 0, 0, 0, 0, 0, 0, 47, 153
"/home/meman-s/Загрузки/rumicon/hards/nginx/fast_api/server_app.py", "Python", 0, 0, 19, 0, 0, 0, 0, 0, 0, 0, 10, 29
"/home/meman-s/Загрузки/rumicon/hards/oleg.py/oleg.py", "Python", 0, 0, 37, 0, 0, 0, 0, 0, 0, 0, 11, 48
"/home/meman-s/Загрузки/rumicon/hards/python/Collections.md", "Markdown", 0, 329, 0, 0, 0, 0, 0, 0, 0, 0, 145, 474
"/home/meman-s/Загрузки/rumicon/hards/python/Context_managers.md", "Markdown", 0, 141, 0, 0, 0, 0, 0, 0, 0, 0, 62, 203
"/home/meman-s/Загрузки/rumicon/hards/python/Dataclasses_attrs_Pydantic.md", "Markdown", 0, 207, 0, 0, 0, 0, 0, 0, 0, 0, 88, 295
"/home/meman-s/Загрузки/rumicon/hards/python/Decorators.md", "Markdown", 0, 307, 0, 0, 0, 0, 0, 0, 0, 0, 106, 413
"/home/meman-s/Загрузки/rumicon/hards/python/Functools_itertools.md", "Markdown", 0, 499, 0, 0, 0, 0, 0, 0, 0, 0, 224, 723
"/home/meman-s/Загрузки/rumicon/hards/python/Generators_iterators_async.md", "Markdown", 0, 395, 0, 0, 0, 0, 0, 0, 0, 0, 142, 537
"/home/meman-s/Загрузки/rumicon/hards/python/Threading_multiprocessing_async.md", "Markdown", 0, 1053, 0, 0, 0, 0, 0, 0, 0, 0, 371, 1424
"/home/meman-s/Загрузки/rumicon/hards/python/Type_hints_mypy_static_checking.md", "Markdown", 0, 189, 0, 0, 0, 0, 0, 0, 0, 0, 90, 279
"/home/meman-s/Загрузки/rumicon/hards/redis/Redis_структуры_данных_и_PubSub_теория.md", "Markdown", 0, 139, 0, 0, 0, 0, 0, 0, 0, 0, 45, 184
"/home/meman-s/Загрузки/rumicon/hards/redis/Redis_тестовое_задание_запрос_с_разбором.md", "Markdown", 0, 288, 0, 0, 0, 0, 0, 0, 0, 0, 100, 388
"/home/meman-s/Загрузки/rumicon/hards/redis/redis_example.py", "Python", 0, 0, 25, 0, 0, 0, 0, 0, 0, 72, 24, 121
"/home/meman-s/Загрузки/rumicon/hards/sql/sql_practice.sql", "MS SQL", 0, 0, 0, 0, 370, 0, 0, 0, 0, 732, 226, 1328
"/home/meman-s/Загрузки/rumicon/hards/sql/sql_tasks.sql", "MS SQL", 0, 0, 0, 0, 163, 0, 0, 0, 0, 225, 0, 388
"/home/meman-s/Загрузки/rumicon/hards/sql/window_functions_guide.sql", "MS SQL", 0, 0, 0, 0, 220, 0, 0, 0, 0, 178, 62, 460
"/home/meman-s/Загрузки/rumicon/hards/test.md", "Markdown", 0, 12, 0, 0, 0, 0, 0, 0, 0, 0, 7, 19
"/home/meman-s/Загрузки/rumicon/hards/testing/README.md", "Markdown", 0, 76, 0, 0, 0, 0, 0, 0, 0, 0, 28, 104
"/home/meman-s/Загрузки/rumicon/hards/testing/assignment_functions.py", "Python", 0, 0, 67, 0, 0, 0, 0, 0, 0, 0, 26, 93
"/home/meman-s/Загрузки/rumicon/hards/testing/conftest.py", "Python", 0, 0, 5, 0, 0, 0, 0, 0, 0, 0, 2, 7
"/home/meman-s/Загрузки/rumicon/hards/testing/docs/ASSIGNMENTS_TESTS.md", "Markdown", 0, 62, 0, 0, 0, 0, 0, 0, 0, 0, 37, 99
"/home/meman-s/Загрузки/rumicon/hards/testing/docs/E2E_PLAYWRIGHT_ASSIGNMENTS.md", "Markdown", 0, 32, 0, 0, 0, 0, 0, 0, 0, 0, 19, 51
"/home/meman-s/Загрузки/rumicon/hards/testing/docs/PRACTICE_ASSIGNMENTS.md", "Markdown", 0, 48, 0, 0, 0, 0, 0, 0, 0, 0, 27, 75
"/home/meman-s/Загрузки/rumicon/hards/testing/docs/e2e_tests_playwright_теория.md", "Markdown", 0, 117, 0, 0, 0, 0, 0, 0, 0, 0, 43, 160
"/home/meman-s/Загрузки/rumicon/hards/testing/docs/integration_tests_теория.md", "Markdown", 0, 91, 0, 0, 0, 0, 0, 0, 0, 0, 30, 121
"/home/meman-s/Загрузки/rumicon/hards/testing/docs/pytest_fixtures_parametrize_markers_теория.md", "Markdown", 0, 84, 0, 0, 0, 0, 0, 0, 0, 0, 26, 110
"/home/meman-s/Загрузки/rumicon/hards/testing/docs/unit_tests_теория.md", "Markdown", 0, 79, 0, 0, 0, 0, 0, 0, 0, 0, 29, 108
"/home/meman-s/Загрузки/rumicon/hards/testing/docs/моки_vs_реальные_запросы.md", "Markdown", 0, 129, 0, 0, 0, 0, 0, 0, 0, 0, 43, 172
"/home/meman-s/Загрузки/rumicon/hards/testing/e2e/conftest.py", "Python", 0, 0, 16, 0, 0, 0, 0, 0, 0, 0, 5, 21
"/home/meman-s/Загрузки/rumicon/hards/testing/e2e/test_e2e_form.py", "Python", 0, 0, 25, 0, 0, 0, 0, 0, 0, 0, 15, 40
"/home/meman-s/Загрузки/rumicon/hards/testing/e2e/test_e2e_form_solutions.py", "Python", 0, 0, 78, 0, 0, 0, 0, 0, 0, 0, 39, 117
"/home/meman-s/Загрузки/rumicon/hards/testing/e2e/test_form.html", "HTML", 0, 0, 0, 85, 0, 0, 0, 0, 0, 0, 2, 87
"/home/meman-s/Загрузки/rumicon/hards/testing/integration/integration_test_real_api_example.py", "Python", 0, 0, 70, 0, 0, 0, 0, 0, 0, 0, 35, 105
"/home/meman-s/Загрузки/rumicon/hards/testing/practice_code.py", "Python", 0, 0, 246, 0, 0, 0, 0, 0, 0, 0, 64, 310
"/home/meman-s/Загрузки/rumicon/hards/testing/pytest.ini", "Ini", 0, 0, 0, 0, 0, 0, 0, 0, 14, 0, 1, 15
"/home/meman-s/Загрузки/rumicon/hards/testing/requirements.txt", "pip requirements", 0, 0, 0, 0, 0, 0, 6, 0, 0, 0, 1, 7
"/home/meman-s/Загрузки/rumicon/hards/testing/test_tasks.py", "Python", 0, 0, 126, 0, 0, 0, 0, 0, 0, 0, 38, 164
"/home/meman-s/Загрузки/rumicon/hards/testing/unit/conftest.py", "Python", 0, 0, 5, 0, 0, 0, 0, 0, 0, 0, 2, 7
"/home/meman-s/Загрузки/rumicon/hards/testing/unit/oleg_tests.py", "Python", 0, 0, 58, 0, 0, 0, 0, 0, 0, 0, 15, 73
"/home/meman-s/Загрузки/rumicon/hards/testing/unit/test_assignment.py", "Python", 0, 0, 84, 0, 0, 0, 0, 0, 0, 0, 30, 114
"/home/meman-s/Загрузки/rumicon/hards/testing/unit/test_practice.py", "Python", 0, 0, 78, 0, 0, 0, 0, 0, 0, 2, 39, 119
"/home/meman-s/Загрузки/rumicon/hards/testing/unit/test_practice_example.py", "Python", 0, 0, 269, 0, 0, 0, 0, 0, 0, 0, 126, 395
"/home/meman-s/Загрузки/rumicon/hards/testing/unit/test_solutions.py", "Python", 0, 0, 211, 0, 0, 0, 0, 0, 0, 4, 101, 316
"/home/meman-s/Загрузки/rumicon/hards/Вопросы_и_задания.md", "Markdown", 0, 424, 0, 0, 0, 0, 0, 0, 0, 0, 129, 553
"/home/meman-s/Загрузки/rumicon/hards/архитектура/Архитектурные_стили_и_подходы.md", "Markdown", 0, 470, 0, 0, 0, 0, 0, 0, 0, 0, 188, 658
"/home/meman-s/Загрузки/rumicon/hards/архитектура/Документирование_и_валидация_архитектуры.md", "Markdown", 0, 370, 0, 0, 0, 0, 0, 0, 0, 0, 128, 498
"/home/meman-s/Загрузки/rumicon/hards/архитектура/Принципы_и_паттерны_проектирования.md", "Markdown", 0, 790, 0, 0, 0, 0, 0, 0, 0, 0, 339, 1129
"/home/meman-s/Загрузки/rumicon/hards/методологии/Методологии_разработки.md", "Markdown", 0, 159, 0, 0, 0, 0, 0, 0, 0, 0, 51, 210
"/home/meman-s/Загрузки/rumicon/hards/методологии/Требования_к_проекту_конспект.md", "Markdown", 0, 176, 0, 0, 0, 0, 0, 0, 0, 0, 100, 276
"Total", "-", 330, 27206, 4032, 160, 778, 14, 11, 20, 16, 1247, 11239, 45053